{"solution_type": "nash", "defender_strategy": {"kgw": 0.0, "unigram": 0.8515643951145029, "exp": 0.14843560488549712}, "attacker_strategy": {"detection": 0.3865687949640299, "paraphrase": 0.61343120503597, "translation": 0.0}}