{"solution_type": "nash", "defender_strategy": {"kgw": 0.0, "unigram": 0.9550958034559774, "exp": 0.04490419654402259}, "attacker_strategy": {"detection": 0.643318181818182, "paraphrase": 0.0, "translation": 0.356681818181818}}