{"solution_type": "nash", "defender_strategy": {"kgw": 0.0, "unigram": 0.8834732746262542, "exp": 0.11652672537374577}, "attacker_strategy": {"detection": 0.10169318181818165, "paraphrase": 0.0, "translation": 0.8983068181818183}}