{"solution_type": "stackelberg", "defender_strategy": {"kgw": 0.558355040538793, "unigram": 0.351023095365861, "exp": 0.0906218640953464}, "attacker_strategy": {"detection": 0, "paraphrase": 1, "translation": 0}}